engine,rows,metric,unit,round_1,round_2,round_3,median,min,max
gbaselite,10,insert_s,秒,0.012142200022935867,0.009020199999213219,0.003028800245374441,0.009020199999213219,0.003028800245374441,0.012142200022935867
gbaselite,10,insert_rows_s,行/秒,823.5739800950912,1108.622868769234,3301.637344777662,1108.622868769234,823.5739800950912,3301.637344777662
gbaselite,10,update_s,秒,0.11492730025202036,0.011798500083386898,0.003422900103032589,0.011798500083386898,0.003422900103032589,0.11492730025202036
gbaselite,10,point_p50_ms,毫秒,0.12014992535114288,0.09070010855793953,0.12820004485547543,0.12014992535114288,0.09070010855793953,0.12820004485547543
gbaselite,10,point_p95_ms,毫秒,0.3371001221239567,0.1580999232828617,0.26449980214238167,0.26449980214238167,0.1580999232828617,0.3371001221239567
gbaselite,10,point_p99_ms,毫秒,0.5013002082705498,0.2766000106930733,0.32560015097260475,0.32560015097260475,0.2766000106930733,0.5013002082705498
gbaselite,10,range_ms,毫秒,0.46289991587400436,0.31450018286705017,0.28979964554309845,0.31450018286705017,0.28979964554309845,0.46289991587400436
gbaselite,10,aggregate_ms,毫秒,0.1262999139726162,0.1349998638033867,0.1079002395272255,0.1262999139726162,0.1079002395272255,0.1349998638033867
gbaselite,10,insert_cpu_s,CPU秒,0.015625,0.0,0.0,0.0,0.0,0.015625
gbaselite,10,update_cpu_s,CPU秒,0.03125,0.0,0.0,0.0,0.0,0.03125
gbaselite,10,cpu_s,CPU秒,0.109375,0.03125,0.015625,0.03125,0.015625,0.109375
gbaselite,10,cpu_core_pct,%,22.865018727014107,31.426870427189435,17.83730780493798,22.865018727014107,17.83730780493798,31.426870427189435
gbaselite,10,rss_mib,MiB,23.90234375,23.48046875,23.4921875,23.4921875,23.48046875,23.90234375
gbaselite,10,private_mib,MiB,51.19921875,50.2265625,50.828125,50.828125,50.2265625,51.19921875
gbaselite,10,empty_mib,MiB,0.03159809112548828,0.03159809112548828,0.03159809112548828,0.03159809112548828,0.03159809112548828,0.03159809112548828
gbaselite,10,insert_disk_mib,MiB,0.03159809112548828,0.03159809112548828,0.03159809112548828,0.03159809112548828,0.03159809112548828,0.03159809112548828
gbaselite,10,update_disk_mib,MiB,0.06284809112548828,0.06284809112548828,0.06284809112548828,0.06284809112548828,0.06284809112548828,0.06284809112548828
gbaselite,10,growth_mib,MiB,0.03125,0.03125,0.03125,0.03125,0.03125,0.03125
mysql,10,insert_s,秒,0.003245099913328886,0.003351300023496151,0.002739999908953905,0.003245099913328886,0.002739999908953905,0.003351300023496151
mysql,10,insert_rows_s,行/秒,3081.569217307028,2983.916668125636,3649.6351577682585,3081.569217307028,2983.916668125636,3649.6351577682585
mysql,10,update_s,秒,0.0019009001553058624,0.0019324002787470818,0.0018457998521625996,0.0019009001553058624,0.0018457998521625996,0.0019324002787470818
mysql,10,point_p50_ms,毫秒,0.11994992382824421,0.12990017421543598,0.11949986219406128,0.11994992382824421,0.11949986219406128,0.12990017421543598
mysql,10,point_p95_ms,毫秒,0.27670012786984444,0.2640997990965843,0.25589996948838234,0.2640997990965843,0.25589996948838234,0.27670012786984444
mysql,10,point_p99_ms,毫秒,0.3883000463247299,0.367799773812294,0.381499994546175,0.381499994546175,0.367799773812294,0.3883000463247299
mysql,10,range_ms,毫秒,0.269399955868721,0.33030007034540176,0.2666004002094269,0.269399955868721,0.2666004002094269,0.33030007034540176
mysql,10,aggregate_ms,毫秒,0.24499977007508278,0.24379976093769073,0.1952000893652439,0.24379976093769073,0.1952000893652439,0.24499977007508278
mysql,10,insert_cpu_s,CPU秒,0.0,0.0,0.0,0.0,0.0,0.0
mysql,10,update_cpu_s,CPU秒,0.0,0.0,0.0,0.0,0.0,0.0
mysql,10,cpu_s,CPU秒,0.015625,0.03125,0.015625,0.015625,0.015625,0.03125
mysql,10,cpu_core_pct,%,15.355465503107679,30.673010049417886,13.776363558422972,15.355465503107679,13.776363558422972,30.673010049417886
mysql,10,rss_mib,MiB,225.2265625,224.91015625,224.828125,224.91015625,224.828125,225.2265625
mysql,10,private_mib,MiB,315.01953125,314.1484375,307.98046875,314.1484375,307.98046875,315.01953125
mysql,10,empty_mib,MiB,191.72189903259277,191.7217664718628,191.72190284729004,191.72189903259277,191.7217664718628,191.72190284729004
mysql,10,insert_disk_mib,MiB,191.83127403259277,191.8311414718628,191.83127784729004,191.83127403259277,191.8311414718628,191.83127784729004
mysql,10,update_disk_mib,MiB,191.83127403259277,191.8311414718628,191.83127784729004,191.83127403259277,191.8311414718628,191.83127784729004
mysql,10,growth_mib,MiB,0.109375,0.109375,0.109375,0.109375,0.109375,0.109375
postgresql,10,insert_s,秒,0.0018072999082505703,0.0020039998926222324,0.001587199978530407,0.0018072999082505703,0.001587199978530407,0.0020039998926222324
postgresql,10,insert_rows_s,行/秒,5533.115978343515,4990.020227453709,6300.403311030176,5533.115978343515,4990.020227453709,6300.403311030176
postgresql,10,update_s,秒,0.0009380001574754715,0.0018915003165602684,0.0008286000229418278,0.0009380001574754715,0.0008286000229418278,0.0018915003165602684
postgresql,10,point_p50_ms,毫秒,0.06834999658167362,0.08149980567395687,0.0728496816009283,0.0728496816009283,0.06834999658167362,0.08149980567395687
postgresql,10,point_p95_ms,毫秒,0.1530996523797512,0.1783999614417553,0.21769991144537926,0.1783999614417553,0.1530996523797512,0.21769991144537926
postgresql,10,point_p99_ms,毫秒,0.1921001821756363,0.24960003793239594,0.31139981001615524,0.24960003793239594,0.1921001821756363,0.31139981001615524
postgresql,10,range_ms,毫秒,0.17029978334903717,0.13489974662661552,0.19250018522143364,0.17029978334903717,0.13489974662661552,0.19250018522143364
postgresql,10,aggregate_ms,毫秒,0.18159998580813408,0.1162998378276825,0.12829992920160294,0.12829992920160294,0.1162998378276825,0.18159998580813408
postgresql,10,insert_cpu_s,CPU秒,0.0,0.0,0.0,0.0,0.0,0.0
postgresql,10,update_cpu_s,CPU秒,0.0,0.0,0.0,0.0,0.0,0.0
postgresql,10,cpu_s,CPU秒,0.03125,0.046875,0.0,0.03125,0.0,0.046875
postgresql,10,cpu_core_pct,%,33.78864202684613,47.83988259889803,0.0,33.78864202684613,0.0,47.83988259889803
postgresql,10,rss_mib,MiB,109.3671875,109.7109375,109.59765625,109.59765625,109.3671875,109.7109375
postgresql,10,private_mib,MiB,25.4296875,25.7109375,25.4609375,25.4609375,25.4296875,25.7109375
postgresql,10,empty_mib,MiB,39.302836418151855,39.302836418151855,39.302836418151855,39.302836418151855,39.302836418151855,39.302836418151855
postgresql,10,insert_disk_mib,MiB,39.334086418151855,39.334086418151855,39.334086418151855,39.334086418151855,39.334086418151855,39.334086418151855
postgresql,10,update_disk_mib,MiB,39.334086418151855,39.334086418151855,39.334086418151855,39.334086418151855,39.334086418151855,39.334086418151855
postgresql,10,growth_mib,MiB,0.03125,0.03125,0.03125,0.03125,0.03125,0.03125
sqlite,10,insert_s,秒,0.0010875002481043339,0.0012869001366198063,0.001260099932551384,0.001260099932551384,0.0010875002481043339,0.0012869001366198063
sqlite,10,insert_rows_s,行/秒,9195.400200994352,7770.6107221856155,7935.878529691313,7935.878529691313,7770.6107221856155,9195.400200994352
sqlite,10,update_s,秒,0.0010362002067267895,0.0011473996564745903,0.0010778000578284264,0.0010778000578284264,0.0010362002067267895,0.0011473996564745903
sqlite,10,point_p50_ms,毫秒,0.0024996697902679443,0.002400018274784088,0.002500135451555252,0.0024996697902679443,0.002400018274784088,0.002500135451555252
sqlite,10,point_p95_ms,毫秒,0.00270036980509758,0.003300141543149948,0.0028996728360652924,0.0028996728360652924,0.00270036980509758,0.003300141543149948
sqlite,10,point_p99_ms,毫秒,0.00400003045797348,0.0036996789276599884,0.00600004568696022,0.00400003045797348,0.0036996789276599884,0.00600004568696022
sqlite,10,range_ms,毫秒,0.007400289177894592,0.0074999406933784485,0.0073998235166072845,0.007400289177894592,0.0073998235166072845,0.0074999406933784485
sqlite,10,aggregate_ms,毫秒,0.003600027412176132,0.00380026176571846,0.00380026176571846,0.00380026176571846,0.003600027412176132,0.00380026176571846
sqlite,10,insert_cpu_s,CPU秒,0.015625,0.015625,0.015625,0.015625,0.015625,0.015625
sqlite,10,update_cpu_s,CPU秒,0.0,0.0,0.015625,0.0,0.0,0.015625
sqlite,10,cpu_s,CPU秒,0.046875,0.0625,0.046875,0.046875,0.046875,0.0625
sqlite,10,cpu_core_pct,%,101.58152902603203,134.25759847902032,105.94393587547515,105.94393587547515,101.58152902603203,134.25759847902032
sqlite,10,rss_mib,MiB,23.10546875,22.9921875,23.0234375,23.0234375,22.9921875,23.10546875
sqlite,10,private_mib,MiB,12.79296875,12.6640625,12.73828125,12.73828125,12.6640625,12.79296875
sqlite,10,empty_mib,MiB,0.00390625,0.00390625,0.00390625,0.00390625,0.00390625,0.00390625
sqlite,10,insert_disk_mib,MiB,0.04697418212890625,0.04697418212890625,0.04697418212890625,0.04697418212890625,0.04697418212890625,0.04697418212890625
sqlite,10,update_disk_mib,MiB,0.0509033203125,0.0509033203125,0.0509033203125,0.0509033203125,0.0509033203125,0.0509033203125
sqlite,10,growth_mib,MiB,0.0469970703125,0.0469970703125,0.0469970703125,0.0469970703125,0.0469970703125,0.0469970703125
gbaselite,1000,insert_s,秒,0.024916599970310926,0.06582219991832972,0.06413319986313581,0.06413319986313581,0.024916599970310926,0.06582219991832972
gbaselite,1000,insert_rows_s,行/秒,40133.88669367161,15192.442690167924,15592.548042730776,15592.548042730776,15192.442690167924,40133.88669367161
gbaselite,1000,update_s,秒,0.01970720011740923,0.04931929986923933,0.038245500065386295,0.038245500065386295,0.01970720011740923,0.04931929986923933
gbaselite,1000,point_p50_ms,毫秒,0.09665009565651417,0.08940021507441998,0.08745025843381882,0.08940021507441998,0.08745025843381882,0.09665009565651417
gbaselite,1000,point_p95_ms,毫秒,0.19299983978271484,0.18279999494552612,0.16750022768974304,0.18279999494552612,0.16750022768974304,0.19299983978271484
gbaselite,1000,point_p99_ms,毫秒,0.2687000669538975,0.24419976398348808,0.25200005620718,0.25200005620718,0.24419976398348808,0.2687000669538975
gbaselite,1000,range_ms,毫秒,0.5135000683367252,0.5196998827159405,0.542299821972847,0.5196998827159405,0.5135000683367252,0.542299821972847
gbaselite,1000,aggregate_ms,毫秒,0.5919001996517181,0.6438000127673149,0.761999748647213,0.6438000127673149,0.5919001996517181,0.761999748647213
gbaselite,1000,insert_cpu_s,CPU秒,0.015625,0.0,0.015625,0.015625,0.0,0.015625
gbaselite,1000,update_cpu_s,CPU秒,0.03125,0.0,0.0,0.0,0.0,0.03125
gbaselite,1000,cpu_s,CPU秒,0.078125,0.015625,0.0625,0.0625,0.015625,0.078125
gbaselite,1000,cpu_core_pct,%,61.31553104379037,7.598274245215634,32.21627891983243,32.21627891983243,7.598274245215634,61.31553104379037
gbaselite,1000,rss_mib,MiB,27.7578125,26.87890625,26.78515625,26.87890625,26.78515625,27.7578125
gbaselite,1000,private_mib,MiB,53.125,52.82421875,52.29296875,52.82421875,52.29296875,53.125
gbaselite,1000,empty_mib,MiB,0.031597137451171875,0.03159809112548828,0.03159809112548828,0.03159809112548828,0.031597137451171875,0.03159809112548828
gbaselite,1000,insert_disk_mib,MiB,1.0003471374511719,1.0003480911254883,1.0003480911254883,1.0003480911254883,1.0003471374511719,1.0003480911254883
gbaselite,1000,update_disk_mib,MiB,2.000347137451172,2.0003480911254883,2.0003480911254883,2.0003480911254883,2.000347137451172,2.0003480911254883
gbaselite,1000,growth_mib,MiB,1.96875,1.96875,1.96875,1.96875,1.96875,1.96875
mysql,1000,insert_s,秒,0.033262799959629774,0.034656399860978127,0.03718059975653887,0.034656399860978127,0.033262799959629774,0.03718059975653887
mysql,1000,insert_rows_s,行/秒,30063.614644999067,28854.699392072875,26895.746882731022,28854.699392072875,26895.746882731022,30063.614644999067
mysql,1000,update_s,秒,0.008351000025868416,0.0079369000159204,0.008603500202298164,0.008351000025868416,0.0079369000159204,0.008603500202298164
mysql,1000,point_p50_ms,毫秒,0.1371998805552721,0.13135001063346863,0.1395998988300562,0.1371998805552721,0.13135001063346863,0.1395998988300562
mysql,1000,point_p95_ms,毫秒,0.2413000911474228,0.2351999282836914,0.2927999012172222,0.2413000911474228,0.2351999282836914,0.2927999012172222
mysql,1000,point_p99_ms,毫秒,0.27169985696673393,0.35770004615187645,0.38579991087317467,0.35770004615187645,0.27169985696673393,0.38579991087317467
mysql,1000,range_ms,毫秒,0.8815997280180454,0.6018998101353645,0.6828997284173965,0.6828997284173965,0.6018998101353645,0.8815997280180454
mysql,1000,aggregate_ms,毫秒,0.3360002301633358,0.26929983869194984,0.37010014057159424,0.3360002301633358,0.26929983869194984,0.37010014057159424
mysql,1000,insert_cpu_s,CPU秒,0.015625,0.015625,0.015625,0.015625,0.015625,0.015625
mysql,1000,update_cpu_s,CPU秒,0.0,0.0,0.0,0.0,0.0,0.0
mysql,1000,cpu_s,CPU秒,0.046875,0.0625,0.03125,0.046875,0.03125,0.0625
mysql,1000,cpu_core_pct,%,30.765666377688945,42.215439211130494,19.48785299325189,30.765666377688945,19.48785299325189,42.215439211130494
mysql,1000,rss_mib,MiB,226.171875,225.6484375,226.359375,226.171875,225.6484375,226.359375
mysql,1000,private_mib,MiB,309.6640625,309.71875,310.1015625,309.71875,309.6640625,310.1015625
mysql,1000,empty_mib,MiB,191.72190380096436,191.72190284729004,191.7219066619873,191.72190380096436,191.72190284729004,191.7219066619873
mysql,1000,insert_disk_mib,MiB,192.00315380096436,192.00315284729004,192.0031566619873,192.00315380096436,192.00315284729004,192.0031566619873
mysql,1000,update_disk_mib,MiB,192.00315380096436,192.00315284729004,192.0031566619873,192.00315380096436,192.00315284729004,192.0031566619873
mysql,1000,growth_mib,MiB,0.28125,0.28125,0.28125,0.28125,0.28125,0.28125
postgresql,1000,insert_s,秒,0.008833699859678745,0.008510000072419643,0.008357000071555376,0.008510000072419643,0.008357000071555376,0.008833699859678745
postgresql,1000,insert_rows_s,行/秒,113202.84998186104,117508.81216099339,119660.1641064583,117508.81216099339,113202.84998186104,119660.1641064583
postgresql,1000,update_s,秒,0.004582900088280439,0.004630099982023239,0.004577500279992819,0.004582900088280439,0.004577500279992819,0.004630099982023239
postgresql,1000,point_p50_ms,毫秒,0.0896998681128025,0.0865499023348093,0.10569998994469643,0.0896998681128025,0.0865499023348093,0.10569998994469643
postgresql,1000,point_p95_ms,毫秒,0.1626000739634037,0.16619963571429253,0.20779995247721672,0.16619963571429253,0.1626000739634037,0.20779995247721672
postgresql,1000,point_p99_ms,毫秒,0.20139990374445915,0.2154996618628502,0.24429988116025925,0.2154996618628502,0.20139990374445915,0.24429988116025925
postgresql,1000,range_ms,毫秒,0.2856999635696411,0.22409996017813683,0.3245999105274677,0.2856999635696411,0.22409996017813683,0.3245999105274677
postgresql,1000,aggregate_ms,毫秒,0.16659963876008987,0.16580009832978249,0.17299968749284744,0.16659963876008987,0.16580009832978249,0.17299968749284744
postgresql,1000,insert_cpu_s,CPU秒,0.0,0.015625,0.0,0.0,0.0,0.015625
postgresql,1000,update_cpu_s,CPU秒,0.0,0.015625,0.0,0.0,0.0,0.015625
postgresql,1000,cpu_s,CPU秒,0.0,0.0625,0.03125,0.03125,0.0,0.0625
postgresql,1000,cpu_core_pct,%,0.0,64.64906408515596,27.45153158004675,27.45153158004675,0.0,64.64906408515596
postgresql,1000,rss_mib,MiB,110.5390625,110.58203125,110.4765625,110.5390625,110.4765625,110.58203125
postgresql,1000,private_mib,MiB,25.86328125,25.875,25.8671875,25.8671875,25.86328125,25.875
postgresql,1000,empty_mib,MiB,39.30287456512451,39.30287456512451,39.30287456512451,39.30287456512451,39.30287456512451,39.30287456512451
postgresql,1000,insert_disk_mib,MiB,39.54506206512451,39.54506206512451,39.54506206512451,39.54506206512451,39.54506206512451,39.54506206512451
postgresql,1000,update_disk_mib,MiB,39.73256206512451,39.73256206512451,39.73256206512451,39.73256206512451,39.73256206512451,39.73256206512451
postgresql,1000,growth_mib,MiB,0.4296875,0.4296875,0.4296875,0.4296875,0.4296875,0.4296875
sqlite,1000,insert_s,秒,0.0035887002013623714,0.0038002999499440193,0.003770800307393074,0.003770800307393074,0.0035887002013623714,0.0038002999499440193
sqlite,1000,insert_rows_s,行/秒,278652.4211803404,263137.12421955814,265195.6928186806,265195.6928186806,263137.12421955814,278652.4211803404
sqlite,1000,update_s,秒,0.0015059998258948326,0.0014043999835848808,0.0014092996716499329,0.0014092996716499329,0.0014043999835848808,0.0015059998258948326
sqlite,1000,point_p50_ms,毫秒,0.0057998113334178925,0.005600042641162872,0.005499925464391708,0.005600042641162872,0.005499925464391708,0.0057998113334178925
sqlite,1000,point_p95_ms,毫秒,0.019199680536985397,0.013600103557109833,0.009399838745594025,0.013600103557109833,0.009399838745594025,0.019199680536985397
sqlite,1000,point_p99_ms,毫秒,0.0554998405277729,0.0391998328268528,0.020700041204690933,0.0391998328268528,0.020700041204690933,0.0554998405277729
sqlite,1000,range_ms,毫秒,0.04970002919435501,0.044100452214479446,0.04350021481513977,0.044100452214479446,0.04350021481513977,0.04970002919435501
sqlite,1000,aggregate_ms,毫秒,0.0320998951792717,0.032300129532814026,0.03170035779476166,0.0320998951792717,0.03170035779476166,0.032300129532814026
sqlite,1000,insert_cpu_s,CPU秒,0.015625,0.015625,0.0,0.015625,0.0,0.015625
sqlite,1000,update_cpu_s,CPU秒,0.015625,0.0,0.015625,0.015625,0.0,0.015625
sqlite,1000,cpu_s,CPU秒,0.046875,0.046875,0.046875,0.046875,0.046875,0.046875
sqlite,1000,cpu_core_pct,%,88.78866684442048,89.96067615683488,92.21607822716116,89.96067615683488,88.78866684442048,92.21607822716116
sqlite,1000,rss_mib,MiB,23.7265625,23.46875,23.5546875,23.5546875,23.46875,23.7265625
sqlite,1000,private_mib,MiB,13.46484375,13.39453125,13.4375,13.4375,13.39453125,13.46484375
sqlite,1000,empty_mib,MiB,0.00390625,0.00390625,0.00390625,0.00390625,0.00390625,0.00390625
sqlite,1000,insert_disk_mib,MiB,0.223785400390625,0.223785400390625,0.223785400390625,0.223785400390625,0.223785400390625,0.223785400390625
sqlite,1000,update_disk_mib,MiB,0.36130523681640625,0.36130523681640625,0.36130523681640625,0.36130523681640625,0.36130523681640625,0.36130523681640625
sqlite,1000,growth_mib,MiB,0.35739898681640625,0.35739898681640625,0.35739898681640625,0.35739898681640625,0.35739898681640625,0.35739898681640625
gbaselite,10000,insert_s,秒,0.40909199975430965,0.39256179984658957,0.5531267998740077,0.40909199975430965,0.39256179984658957,0.5531267998740077
gbaselite,10000,insert_rows_s,行/秒,24444.379274113766,25473.696126082392,18079.03721583879,24444.379274113766,18079.03721583879,25473.696126082392
gbaselite,10000,update_s,秒,0.13177830027416348,0.11833789991214871,0.14767020009458065,0.13177830027416348,0.11833789991214871,0.14767020009458065
gbaselite,10000,point_p50_ms,毫秒,0.08830009028315544,0.09230012074112892,0.0927499495446682,0.09230012074112892,0.08830009028315544,0.0927499495446682
gbaselite,10000,point_p95_ms,毫秒,0.16009993851184845,0.21789968013763428,0.18589990213513374,0.18589990213513374,0.16009993851184845,0.21789968013763428
gbaselite,10000,point_p99_ms,毫秒,0.22870022803544998,0.2633999101817608,0.35140011459589005,0.2633999101817608,0.22870022803544998,0.35140011459589005
gbaselite,10000,range_ms,毫秒,0.7469002157449722,0.5724001675844193,0.6254999898374081,0.6254999898374081,0.5724001675844193,0.7469002157449722
gbaselite,10000,aggregate_ms,毫秒,8.421899750828743,6.8107000552117825,8.166000247001648,8.166000247001648,6.8107000552117825,8.421899750828743
gbaselite,10000,insert_cpu_s,CPU秒,0.203125,0.15625,0.15625,0.15625,0.15625,0.203125
gbaselite,10000,update_cpu_s,CPU秒,0.140625,0.109375,0.078125,0.109375,0.078125,0.140625
gbaselite,10000,cpu_s,CPU秒,0.40625,0.34375,0.296875,0.34375,0.296875,0.40625
gbaselite,10000,cpu_core_pct,%,61.10837428731204,53.96628232740285,35.351453280484144,53.96628232740285,35.351453280484144,61.10837428731204
gbaselite,10000,rss_mib,MiB,37.6328125,37.78125,32.72265625,37.6328125,32.72265625,37.78125
gbaselite,10000,private_mib,MiB,53.609375,53.7734375,52.8671875,53.609375,52.8671875,53.7734375
gbaselite,10000,empty_mib,MiB,0.03159809112548828,0.03159809112548828,0.03159809112548828,0.03159809112548828,0.03159809112548828,0.03159809112548828
gbaselite,10000,insert_disk_mib,MiB,8.000348091125488,8.000348091125488,8.000348091125488,8.000348091125488,8.000348091125488,8.000348091125488
gbaselite,10000,update_disk_mib,MiB,8.000348091125488,8.000348091125488,8.000348091125488,8.000348091125488,8.000348091125488,8.000348091125488
gbaselite,10000,growth_mib,MiB,7.96875,7.96875,7.96875,7.96875,7.96875,7.96875
mysql,10000,insert_s,秒,0.2857172000221908,0.27469189977273345,0.8056304003112018,0.2857172000221908,0.27469189977273345,0.8056304003112018
mysql,10000,insert_rows_s,行/秒,34999.643000923046,36404.42258498888,12412.639836005646,34999.643000923046,12412.639836005646,36404.42258498888
mysql,10000,update_s,秒,0.08479200024157763,0.05954659963026643,0.07265029987320304,0.07265029987320304,0.05954659963026643,0.08479200024157763
mysql,10000,point_p50_ms,毫秒,0.13129995204508305,0.12690015137195587,0.12125005014240742,0.12690015137195587,0.12125005014240742,0.13129995204508305
mysql,10000,point_p95_ms,毫秒,0.36319997161626816,0.27830014005303383,0.2391999587416649,0.27830014005303383,0.2391999587416649,0.36319997161626816
mysql,10000,point_p99_ms,毫秒,0.46290038153529167,0.5122004076838493,0.3089001402258873,0.46290038153529167,0.3089001402258873,0.5122004076838493
mysql,10000,range_ms,毫秒,0.5410998128354549,0.6305999122560024,0.5731000564992428,0.5731000564992428,0.5410998128354549,0.6305999122560024
mysql,10000,aggregate_ms,毫秒,1.594100147485733,1.8179998733103275,1.6719000414013863,1.6719000414013863,1.594100147485733,1.8179998733103275
mysql,10000,insert_cpu_s,CPU秒,0.078125,0.09375,0.125,0.09375,0.078125,0.125
mysql,10000,update_cpu_s,CPU秒,0.03125,0.015625,0.03125,0.03125,0.015625,0.03125
mysql,10000,cpu_s,CPU秒,0.125,0.140625,0.1875,0.140625,0.125,0.1875
mysql,10000,cpu_core_pct,%,24.90118711638116,30.87990774983308,18.101114849344757,24.90118711638116,18.101114849344757,30.87990774983308
mysql,10000,rss_mib,MiB,230.16015625,229.328125,230.34375,230.16015625,229.328125,230.34375
mysql,10000,private_mib,MiB,313.72265625,318.53515625,316.28515625,316.28515625,313.72265625,318.53515625
mysql,10000,empty_mib,MiB,191.7219066619873,191.72190284729004,191.7217664718628,191.72190284729004,191.7217664718628,191.7219066619873
mysql,10000,insert_disk_mib,MiB,201.7219066619873,201.72190284729004,201.7217664718628,201.72190284729004,201.7217664718628,201.7219066619873
mysql,10000,update_disk_mib,MiB,201.7219066619873,201.72190284729004,201.7217664718628,201.72190284729004,201.7217664718628,201.7219066619873
mysql,10000,growth_mib,MiB,10.0,10.0,10.0,10.0,10.0,10.0
postgresql,10000,insert_s,秒,0.05948589975014329,0.06729739997535944,0.06673139985650778,0.06673139985650778,0.05948589975014329,0.06729739997535944
postgresql,10000,insert_rows_s,行/秒,168107.06473303217,148594.15079425718,149854.49161118985,149854.49161118985,148594.15079425718,168107.06473303217
postgresql,10000,update_s,秒,0.037083700299263,0.0348811000585556,0.03542659990489483,0.03542659990489483,0.0348811000585556,0.037083700299263
postgresql,10000,point_p50_ms,毫秒,0.09054993279278278,0.089599983766675,0.08534989319741726,0.089599983766675,0.08534989319741726,0.09054993279278278
postgresql,10000,point_p95_ms,毫秒,0.18899980932474136,0.17370004206895828,0.23789983242750168,0.18899980932474136,0.17370004206895828,0.23789983242750168
postgresql,10000,point_p99_ms,毫秒,0.319099985063076,0.23060012608766556,0.2957000397145748,0.2957000397145748,0.23060012608766556,0.319099985063076
postgresql,10000,range_ms,毫秒,0.31529972329735756,0.31930021941661835,0.35480037331581116,0.31930021941661835,0.31529972329735756,0.35480037331581116
postgresql,10000,aggregate_ms,毫秒,0.6467001512646675,0.6292997859418392,0.5821003578603268,0.6292997859418392,0.5821003578603268,0.6467001512646675
postgresql,10000,insert_cpu_s,CPU秒,0.046875,0.0625,0.03125,0.046875,0.03125,0.0625
postgresql,10000,update_cpu_s,CPU秒,0.03125,0.03125,0.03125,0.03125,0.03125,0.03125
postgresql,10000,cpu_s,CPU秒,0.109375,0.09375,0.09375,0.09375,0.09375,0.109375
postgresql,10000,cpu_core_pct,%,56.17322572553199,45.81688199964397,45.99969471478415,45.99969471478415,45.81688199964397,56.17322572553199
postgresql,10000,rss_mib,MiB,116.91015625,115.19921875,117.12890625,116.91015625,115.19921875,117.12890625
postgresql,10000,private_mib,MiB,25.8828125,25.39453125,25.859375,25.859375,25.39453125,25.8828125
postgresql,10000,empty_mib,MiB,39.30289363861084,39.30289363861084,39.30289363861084,39.30289363861084,39.30289363861084,39.30289363861084
postgresql,10000,insert_disk_mib,MiB,41.23258113861084,41.23258113861084,41.23258113861084,41.23258113861084,41.23258113861084,41.23258113861084
postgresql,10000,update_disk_mib,MiB,43.10758113861084,43.10758113861084,43.10758113861084,43.10758113861084,43.10758113861084,43.10758113861084
postgresql,10000,growth_mib,MiB,3.8046875,3.8046875,3.8046875,3.8046875,3.8046875,3.8046875
sqlite,10000,insert_s,秒,0.038917300291359425,0.03761240001767874,0.0367105002515018,0.03761240001767874,0.0367105002515018,0.038917300291359425
sqlite,10000,insert_rows_s,行/秒,256955.13114048768,265869.7662286841,272401.62709553126,265869.7662286841,256955.13114048768,272401.62709553126
sqlite,10000,update_s,秒,0.00555610004812479,0.005481999833136797,0.006002900190651417,0.00555610004812479,0.005481999833136797,0.006002900190651417
sqlite,10000,point_p50_ms,毫秒,0.00590016134083271,0.005899928510189056,0.005600042641162872,0.005899928510189056,0.005600042641162872,0.00590016134083271
sqlite,10000,point_p95_ms,毫秒,0.020700041204690933,0.03600027412176132,0.022700056433677673,0.022700056433677673,0.020700041204690933,0.03600027412176132
sqlite,10000,point_p99_ms,毫秒,0.07109995931386948,0.08819997310638428,0.07469998672604561,0.07469998672604561,0.07109995931386948,0.08819997310638428
sqlite,10000,range_ms,毫秒,0.04390021786093712,0.05050003528594971,0.04390021786093712,0.04390021786093712,0.04390021786093712,0.05050003528594971
sqlite,10000,aggregate_ms,毫秒,0.2699997276067734,0.29479991644620895,0.2802000381052494,0.2802000381052494,0.2699997276067734,0.29479991644620895
sqlite,10000,insert_cpu_s,CPU秒,0.03125,0.03125,0.046875,0.03125,0.03125,0.046875
sqlite,10000,update_cpu_s,CPU秒,0.015625,0.015625,0.015625,0.015625,0.015625,0.015625
sqlite,10000,cpu_s,CPU秒,0.078125,0.078125,0.09375,0.078125,0.078125,0.09375
sqlite,10000,cpu_core_pct,%,82.65717568042886,82.46313854970269,105.0196595561073,82.65717568042886,82.46313854970269,105.0196595561073
sqlite,10000,rss_mib,MiB,30.24609375,30.3359375,30.2578125,30.2578125,30.24609375,30.3359375
sqlite,10000,private_mib,MiB,20.2109375,20.31640625,20.31640625,20.31640625,20.2109375,20.31640625
sqlite,10000,empty_mib,MiB,0.00390625,0.00390625,0.00390625,0.00390625,0.00390625,0.00390625
sqlite,10000,insert_disk_mib,MiB,1.8622360229492188,1.8622360229492188,1.8622360229492188,1.8622360229492188,1.8622360229492188,1.8622360229492188
sqlite,10000,update_disk_mib,MiB,3.2177886962890625,3.2177886962890625,3.2177886962890625,3.2177886962890625,3.2177886962890625,3.2177886962890625
sqlite,10000,growth_mib,MiB,3.2138824462890625,3.2138824462890625,3.2138824462890625,3.2138824462890625,3.2138824462890625,3.2138824462890625
gbaselite,100000,insert_s,秒,2.51937250001356,2.7822339003905654,2.733390999957919,2.733390999957919,2.51937250001356,2.7822339003905654
gbaselite,100000,insert_rows_s,行/秒,39692.423410774616,35942.34114750818,36584.59400851891,36584.59400851891,35942.34114750818,39692.423410774616
gbaselite,100000,update_s,秒,1.3919020998291671,1.295093699824065,1.3595488001592457,1.3595488001592457,1.295093699824065,1.3919020998291671
gbaselite,100000,point_p50_ms,毫秒,0.09614997543394566,0.09530014358460903,0.09445007890462875,0.09530014358460903,0.09445007890462875,0.09614997543394566
gbaselite,100000,point_p95_ms,毫秒,0.2267998643219471,0.1813000999391079,0.17110025510191917,0.1813000999391079,0.17110025510191917,0.2267998643219471
gbaselite,100000,point_p99_ms,毫秒,0.3244001418352127,0.26219990104436874,0.22289995104074478,0.26219990104436874,0.22289995104074478,0.3244001418352127
gbaselite,100000,range_ms,毫秒,0.5461000837385654,0.8406001143157482,1.1752997525036335,0.8406001143157482,0.5461000837385654,1.1752997525036335
gbaselite,100000,aggregate_ms,毫秒,108.32119965925813,123.46490006893873,108.23300015181303,108.32119965925813,108.23300015181303,123.46490006893873
gbaselite,100000,insert_cpu_s,CPU秒,1.96875,1.90625,1.71875,1.90625,1.71875,1.96875
gbaselite,100000,update_cpu_s,CPU秒,1.34375,1.0625,1.21875,1.21875,1.0625,1.34375
gbaselite,100000,cpu_s,CPU秒,3.90625,3.65625,3.5625,3.65625,3.5625,3.90625
gbaselite,100000,cpu_core_pct,%,86.10466738571779,77.03755726676458,75.35439090196728,77.03755726676458,75.35439090196728,86.10466738571779
gbaselite,100000,rss_mib,MiB,71.8515625,71.796875,71.82421875,71.82421875,71.796875,71.8515625
gbaselite,100000,private_mib,MiB,55.5078125,54.74609375,59.4375,55.5078125,54.74609375,59.4375
gbaselite,100000,empty_mib,MiB,0.03159809112548828,0.03159809112548828,0.031597137451171875,0.03159809112548828,0.031597137451171875,0.03159809112548828
gbaselite,100000,insert_disk_mib,MiB,64.00034809112549,64.00034809112549,64.00034713745117,64.00034809112549,64.00034713745117,64.00034809112549
gbaselite,100000,update_disk_mib,MiB,64.00034809112549,64.00034809112549,64.00034713745117,64.00034809112549,64.00034713745117,64.00034809112549
gbaselite,100000,growth_mib,MiB,63.96875,63.96875,63.96875,63.96875,63.96875,63.96875
mysql,100000,insert_s,秒,2.5439884001389146,3.157611799892038,2.8785935998894274,2.8785935998894274,2.5439884001389146,3.157611799892038
mysql,100000,insert_rows_s,行/秒,39308.35533469394,31669.504149756187,34739.186526309655,34739.186526309655,31669.504149756187,39308.35533469394
mysql,100000,update_s,秒,0.6045568003319204,0.6838681004010141,0.6329041998833418,0.6329041998833418,0.6045568003319204,0.6838681004010141
mysql,100000,point_p50_ms,毫秒,0.13360008597373962,0.1306000631302595,0.1306501217186451,0.1306501217186451,0.1306000631302595,0.13360008597373962
mysql,100000,point_p95_ms,毫秒,0.26590004563331604,0.2649999223649502,0.2727997489273548,0.26590004563331604,0.2649999223649502,0.2727997489273548
mysql,100000,point_p99_ms,毫秒,0.37450017407536507,0.4428001120686531,0.39919978007674217,0.39919978007674217,0.37450017407536507,0.4428001120686531
mysql,100000,range_ms,毫秒,0.6829998455941677,0.9506000205874443,0.86939986795187,0.86939986795187,0.6829998455941677,0.9506000205874443
mysql,100000,aggregate_ms,毫秒,14.360299799591303,13.961299788206816,14.717099722474813,14.360299799591303,13.961299788206816,14.717099722474813
mysql,100000,insert_cpu_s,CPU秒,0.9375,0.9375,0.796875,0.9375,0.796875,0.9375
mysql,100000,update_cpu_s,CPU秒,0.3125,0.375,0.265625,0.3125,0.265625,0.375
mysql,100000,cpu_s,CPU秒,1.34375,1.46875,1.15625,1.34375,1.15625,1.46875
mysql,100000,cpu_core_pct,%,40.173655426074625,36.26281938554887,31.17655309877797,36.26281938554887,31.17655309877797,40.173655426074625
mysql,100000,rss_mib,MiB,250.54296875,250.34765625,250.33203125,250.34765625,250.33203125,250.54296875
mysql,100000,private_mib,MiB,328.17578125,328.00390625,320.21875,328.00390625,320.21875,328.17578125
mysql,100000,empty_mib,MiB,191.72169589996338,191.72189903259277,191.72190284729004,191.72189903259277,191.72169589996338,191.72190284729004
mysql,100000,insert_disk_mib,MiB,216.72169589996338,216.72189903259277,216.72190284729004,216.72189903259277,216.72169589996338,216.72190284729004
mysql,100000,update_disk_mib,MiB,216.72169589996338,216.72189903259277,216.72190284729004,216.72189903259277,216.72169589996338,216.72190284729004
mysql,100000,growth_mib,MiB,25.0,25.0,25.0,25.0,25.0,25.0
postgresql,100000,insert_s,秒,0.6596664995886385,0.6619953997433186,0.6855476996861398,0.6619953997433186,0.6596664995886385,0.6855476996861398
postgresql,100000,insert_rows_s,行/秒,151591.7513809766,151058.45152213128,145868.77039450704,151058.45152213128,145868.77039450704,151591.7513809766
postgresql,100000,update_s,秒,0.5460617002099752,0.5347926001995802,0.5342353000305593,0.5347926001995802,0.5342353000305593,0.5460617002099752
postgresql,100000,point_p50_ms,毫秒,0.11594966053962708,0.08429982699453831,0.16184989362955093,0.11594966053962708,0.08429982699453831,0.16184989362955093
postgresql,100000,point_p95_ms,毫秒,0.21789968013763428,0.1818002201616764,0.2990998327732086,0.21789968013763428,0.1818002201616764,0.2990998327732086
postgresql,100000,point_p99_ms,毫秒,0.313399825245142,0.22699963301420212,0.3335997462272644,0.313399825245142,0.22699963301420212,0.3335997462272644
postgresql,100000,range_ms,毫秒,0.2884003333747387,0.24430034682154655,0.23990031331777573,0.24430034682154655,0.23990031331777573,0.2884003333747387
postgresql,100000,aggregate_ms,毫秒,5.335199646651745,5.378900095820427,5.5565000511705875,5.378900095820427,5.335199646651745,5.5565000511705875
postgresql,100000,insert_cpu_s,CPU秒,0.5,0.546875,0.46875,0.5,0.46875,0.546875
postgresql,100000,update_cpu_s,CPU秒,0.40625,0.359375,0.40625,0.40625,0.359375,0.40625
postgresql,100000,cpu_s,CPU秒,0.96875,0.96875,0.953125,0.96875,0.953125,0.96875
postgresql,100000,cpu_core_pct,%,72.26091595600951,72.61665215085105,69.76076440503446,72.26091595600951,69.76076440503446,72.61665215085105
postgresql,100000,rss_mib,MiB,152.24609375,152.44140625,152.48828125,152.44140625,152.24609375,152.48828125
postgresql,100000,private_mib,MiB,25.8671875,25.98828125,26.05078125,25.98828125,25.8671875,26.05078125
postgresql,100000,empty_mib,MiB,39.30291271209717,39.30291271209717,39.30291271209717,39.30291271209717,39.30291271209717,39.30291271209717
postgresql,100000,insert_disk_mib,MiB,74.11541271209717,74.11541271209717,74.11541271209717,74.11541271209717,74.11541271209717,74.11541271209717
postgresql,100000,update_disk_mib,MiB,140.89666271209717,140.89666271209717,140.89666271209717,140.89666271209717,140.89666271209717,140.89666271209717
postgresql,100000,growth_mib,MiB,101.59375,101.59375,101.59375,101.59375,101.59375,101.59375
sqlite,100000,insert_s,秒,0.43773730006068945,0.5018373001366854,0.5116794002242386,0.5018373001366854,0.43773730006068945,0.5116794002242386
sqlite,100000,insert_rows_s,行/秒,228447.5186056469,199267.77059569507,195434.87573698678,199267.77059569507,195434.87573698678,228447.5186056469
sqlite,100000,update_s,秒,0.077335299924016,0.08459720015525818,0.07843220001086593,0.07843220001086593,0.077335299924016,0.08459720015525818
sqlite,100000,point_p50_ms,毫秒,0.0156499445438385,0.015500001609325409,0.016300007700920105,0.0156499445438385,0.015500001609325409,0.016300007700920105
sqlite,100000,point_p95_ms,毫秒,0.034499913454055786,0.029399991035461426,0.055999960750341415,0.034499913454055786,0.029399991035461426,0.055999960750341415
sqlite,100000,point_p99_ms,毫秒,0.19139982759952545,0.18149986863136292,0.16989978030323982,0.18149986863136292,0.16989978030323982,0.19139982759952545
sqlite,100000,range_ms,毫秒,0.051099807024002075,0.043800100684165955,0.04449998959898949,0.04449998959898949,0.043800100684165955,0.051099807024002075
sqlite,100000,aggregate_ms,毫秒,3.1729997135698795,3.221999853849411,3.459800034761429,3.221999853849411,3.1729997135698795,3.459800034761429
sqlite,100000,insert_cpu_s,CPU秒,0.28125,0.203125,0.15625,0.203125,0.15625,0.28125
sqlite,100000,update_cpu_s,CPU秒,0.078125,0.078125,0.109375,0.078125,0.078125,0.109375
sqlite,100000,cpu_s,CPU秒,0.40625,0.3125,0.3125,0.3125,0.3125,0.40625
sqlite,100000,cpu_core_pct,%,67.94856547271905,47.531864223267924,47.68734680367046,47.68734680367046,47.531864223267924,67.94856547271905
sqlite,100000,rss_mib,MiB,56.88671875,56.84765625,57.00390625,56.88671875,56.84765625,57.00390625
sqlite,100000,private_mib,MiB,47.16796875,47.17578125,47.2578125,47.17578125,47.16796875,47.2578125
sqlite,100000,empty_mib,MiB,0.00390625,0.00390625,0.00390625,0.00390625,0.00390625,0.00390625
sqlite,100000,insert_disk_mib,MiB,15.409820556640625,15.409820556640625,15.409820556640625,15.409820556640625,15.409820556640625,15.409820556640625
sqlite,100000,update_disk_mib,MiB,33.003273010253906,33.003273010253906,33.003273010253906,33.003273010253906,33.003273010253906,33.003273010253906
sqlite,100000,growth_mib,MiB,32.999366760253906,32.999366760253906,32.999366760253906,32.999366760253906,32.999366760253906,32.999366760253906
gbaselite,1000000,insert_s,秒,25.96808679960668,39.09158540004864,26.45144039997831,26.45144039997831,25.96808679960668,39.09158540004864
gbaselite,1000000,insert_rows_s,行/秒,38508.80535469969,25580.952774526144,37805.12459354841,37805.12459354841,25580.952774526144,38508.80535469969
gbaselite,1000000,update_s,秒,13.18372690025717,23.146865900140256,13.687812000047415,13.687812000047415,13.18372690025717,23.146865900140256
gbaselite,1000000,point_p50_ms,毫秒,0.12084981426596642,0.10395003482699394,0.10840012691915035,0.10840012691915035,0.10395003482699394,0.12084981426596642
gbaselite,1000000,point_p95_ms,毫秒,0.30690012499690056,0.19950000569224358,0.22199982777237892,0.22199982777237892,0.19950000569224358,0.30690012499690056
gbaselite,1000000,point_p99_ms,毫秒,0.45209983363747597,0.37770019844174385,0.3635999746620655,0.37770019844174385,0.3635999746620655,0.45209983363747597
gbaselite,1000000,range_ms,毫秒,0.6049000658094883,0.615099910646677,0.5990001372992992,0.6049000658094883,0.5990001372992992,0.615099910646677
gbaselite,1000000,aggregate_ms,毫秒,1291.171499993652,1242.0590999536216,1230.7816999964416,1242.0590999536216,1230.7816999964416,1291.171499993652
gbaselite,1000000,insert_cpu_s,CPU秒,19.828125,21.296875,19.0,19.828125,19.0,21.296875
gbaselite,1000000,update_cpu_s,CPU秒,11.921875,12.515625,11.84375,11.921875,11.84375,12.515625
gbaselite,1000000,cpu_s,CPU秒,38.90625,40.609375,37.84375,38.90625,37.84375,40.609375
gbaselite,1000000,cpu_core_pct,%,85.26896729074261,59.25644493075084,81.60891894989668,81.60891894989668,59.25644493075084,85.26896729074261
gbaselite,1000000,rss_mib,MiB,71.7734375,71.65625,71.7421875,71.7421875,71.65625,71.7734375
gbaselite,1000000,private_mib,MiB,66.66015625,71.73046875,67.015625,67.015625,66.66015625,71.73046875
gbaselite,1000000,empty_mib,MiB,0.03159809112548828,0.031597137451171875,0.03159809112548828,0.03159809112548828,0.031597137451171875,0.03159809112548828
gbaselite,1000000,insert_disk_mib,MiB,1024.0003480911255,1024.0003471374512,1024.0003480911255,1024.0003480911255,1024.0003471374512,1024.0003480911255
gbaselite,1000000,update_disk_mib,MiB,1024.0003480911255,1024.0003471374512,1024.0003480911255,1024.0003480911255,1024.0003471374512,1024.0003480911255
gbaselite,1000000,growth_mib,MiB,1023.96875,1023.96875,1023.96875,1023.96875,1023.96875,1023.96875
mysql,1000000,insert_s,秒,25.883415199816227,26.12324699992314,29.91508539998904,26.12324699992314,25.883415199816227,29.91508539998904
mysql,1000000,insert_rows_s,行/秒,38634.777995103985,38280.080573557425,33427.950702101836,38280.080573557425,33427.950702101836,38634.777995103985
mysql,1000000,update_s,秒,8.666294800117612,8.672307999804616,9.865833699703217,8.672307999804616,8.666294800117612,9.865833699703217
mysql,1000000,point_p50_ms,毫秒,0.24690013378858566,0.273900106549263,0.2500999253243208,0.2500999253243208,0.24690013378858566,0.273900106549263
mysql,1000000,point_p95_ms,毫秒,0.49450015649199486,0.44369976967573166,0.4290998913347721,0.44369976967573166,0.4290998913347721,0.49450015649199486
mysql,1000000,point_p99_ms,毫秒,0.6423997692763805,0.547800213098526,0.5016997456550598,0.547800213098526,0.5016997456550598,0.6423997692763805
mysql,1000000,range_ms,毫秒,0.5669998936355114,0.5575004033744335,1.0881000198423862,0.5669998936355114,0.5575004033744335,1.0881000198423862
mysql,1000000,aggregate_ms,毫秒,439.6168999373913,559.9516998045146,498.4690002165735,498.4690002165735,439.6168999373913,559.9516998045146
mysql,1000000,insert_cpu_s,CPU秒,9.984375,9.671875,10.203125,9.984375,9.671875,10.203125
mysql,1000000,update_cpu_s,CPU秒,5.78125,5.625,5.90625,5.78125,5.625,5.90625
mysql,1000000,cpu_s,CPU秒,18.3125,17.671875,18.71875,18.3125,17.671875,18.71875
mysql,1000000,cpu_core_pct,%,48.003807065405596,46.57339550871019,43.38807977414269,46.57339550871019,43.38807977414269,48.003807065405596
mysql,1000000,rss_mib,MiB,277.62109375,277.60546875,278.765625,277.62109375,277.60546875,278.765625
mysql,1000000,private_mib,MiB,330.1875,330.01171875,331.7421875,330.1875,330.01171875,331.7421875
mysql,1000000,empty_mib,MiB,191.7219123840332,191.72190284729004,191.72190380096436,191.72190380096436,191.72190284729004,191.7219123840332
mysql,1000000,insert_disk_mib,MiB,367.7219123840332,367.72190284729004,367.72190380096436,367.72190380096436,367.72190284729004,367.7219123840332
mysql,1000000,update_disk_mib,MiB,415.7219123840332,415.7222080230713,415.722056388855,415.722056388855,415.7219123840332,415.7222080230713
mysql,1000000,growth_mib,MiB,224.0,224.00030517578125,224.00015258789062,224.00015258789062,224.0,224.00030517578125
postgresql,1000000,insert_s,秒,5.831938599701971,5.886311800219119,5.818351999856532,5.831938599701971,5.818351999856532,5.886311800219119
postgresql,1000000,insert_rows_s,行/秒,171469.56932144365,169885.66592119276,171869.97280753346,171469.56932144365,169885.66592119276,171869.97280753346
postgresql,1000000,update_s,秒,5.897006300278008,5.874760699924082,5.978025499731302,5.897006300278008,5.874760699924082,5.978025499731302
postgresql,1000000,point_p50_ms,毫秒,0.12384983710944653,0.11745002120733261,0.10930001735687256,0.11745002120733261,0.10930001735687256,0.12384983710944653
postgresql,1000000,point_p95_ms,毫秒,0.3194003365933895,0.34689996391534805,0.2355002798140049,0.3194003365933895,0.2355002798140049,0.34689996391534805
postgresql,1000000,point_p99_ms,毫秒,0.4062000662088394,0.4938999190926552,0.27610035613179207,0.4062000662088394,0.27610035613179207,0.4938999190926552
postgresql,1000000,range_ms,毫秒,0.2330997958779335,0.3370996564626694,0.26739994063973427,0.26739994063973427,0.2330997958779335,0.3370996564626694
postgresql,1000000,aggregate_ms,毫秒,83.63160025328398,82.57599966600537,84.09120002761483,83.63160025328398,82.57599966600537,84.09120002761483
postgresql,1000000,insert_cpu_s,CPU秒,4.46875,4.203125,4.46875,4.46875,4.203125,4.46875
postgresql,1000000,update_cpu_s,CPU秒,4.625,4.46875,4.609375,4.609375,4.46875,4.625
postgresql,1000000,cpu_s,CPU秒,9.828125,9.40625,9.84375,9.828125,9.40625,9.84375
postgresql,1000000,cpu_core_pct,%,78.39100535642096,74.71710980216663,77.81986706580547,77.81986706580547,74.71710980216663,78.39100535642096
postgresql,1000000,rss_mib,MiB,213.8515625,212.49609375,212.9296875,212.9296875,212.49609375,213.8515625
postgresql,1000000,private_mib,MiB,27.26171875,27.17578125,27.2109375,27.2109375,27.17578125,27.26171875
postgresql,1000000,empty_mib,MiB,39.302931785583496,39.302931785583496,39.302931785583496,39.302931785583496,39.302931785583496,39.302931785583496
postgresql,1000000,insert_disk_mib,MiB,483.0451192855835,483.0451192855835,483.0451192855835,483.0451192855835,483.0451192855835,483.0451192855835
postgresql,1000000,update_disk_mib,MiB,1054.7404317855835,1054.7404317855835,1054.7404317855835,1054.7404317855835,1054.7404317855835,1054.7404317855835
postgresql,1000000,growth_mib,MiB,1015.4375,1015.4375,1015.4375,1015.4375,1015.4375,1015.4375
sqlite,1000000,insert_s,秒,4.467045099940151,4.399753199890256,4.407457100227475,4.407457100227475,4.399753199890256,4.467045099940151
sqlite,1000000,insert_rows_s,行/秒,223861.63059186438,227285.4759273641,226888.19817404202,226888.19817404202,223861.63059186438,227285.4759273641
sqlite,1000000,update_s,秒,0.8359361998736858,0.8745190999470651,0.8476438000798225,0.8476438000798225,0.8359361998736858,0.8745190999470651
sqlite,1000000,point_p50_ms,毫秒,0.016799895092844963,0.018550315871834755,0.01764995977282524,0.01764995977282524,0.016799895092844963,0.018550315871834755
sqlite,1000000,point_p95_ms,毫秒,0.028300099074840546,0.032699666917324066,0.030300114303827286,0.030300114303827286,0.028300099074840546,0.032699666917324066
sqlite,1000000,point_p99_ms,毫秒,0.042700208723545074,0.047999899834394455,0.04159985110163689,0.042700208723545074,0.04159985110163689,0.047999899834394455
sqlite,1000000,range_ms,毫秒,0.06329966709017754,0.04479987546801567,0.044199638068675995,0.04479987546801567,0.044199638068675995,0.06329966709017754
sqlite,1000000,aggregate_ms,毫秒,106.84589995071292,106.64399992674589,109.15839998051524,106.84589995071292,106.64399992674589,109.15839998051524
sqlite,1000000,insert_cpu_s,CPU秒,2.28125,2.109375,2.21875,2.21875,2.109375,2.28125
sqlite,1000000,update_cpu_s,CPU秒,0.828125,0.859375,0.8125,0.828125,0.8125,0.859375
sqlite,1000000,cpu_s,CPU秒,3.703125,3.625,3.609375,3.625,3.609375,3.703125
sqlite,1000000,cpu_core_pct,%,62.84853303665425,61.62523929025878,61.66993864479776,61.66993864479776,61.62523929025878,62.84853303665425
sqlite,1000000,rss_mib,MiB,112.19140625,112.6953125,112.2890625,112.2890625,112.19140625,112.6953125
sqlite,1000000,private_mib,MiB,103.55859375,103.96875,103.5546875,103.55859375,103.5546875,103.96875
sqlite,1000000,empty_mib,MiB,0.00390625,0.00390625,0.00390625,0.00390625,0.00390625,0.00390625
sqlite,1000000,insert_disk_mib,MiB,137.195068359375,137.195068359375,137.195068359375,137.195068359375,137.195068359375,137.195068359375
sqlite,1000000,update_disk_mib,MiB,307.8591613769531,307.8591613769531,307.8591613769531,307.8591613769531,307.8591613769531,307.8591613769531
sqlite,1000000,growth_mib,MiB,307.8552551269531,307.8552551269531,307.8552551269531,307.8552551269531,307.8552551269531,307.8552551269531
